{
  "status": "completed",
  "files_matched": 263,
  "files_selected": 263,
  "files_used": 263,
  "day_span_selected": {
    "count": 263,
    "first": "20250102",
    "last": "20260130"
  },
  "day_span_used": {
    "count": 263,
    "first": "20250102",
    "last": "20260130"
  },
  "total_proc_rows": 8907595,
  "seconds": 1170.03,
  "model_uri": "gs://omega_v52_central/omega/staging/models/v6/20260219-125410_78e36d9/omega_v6_xgb_final.pkl",
  "data_pattern": "gs://omega_v52_central/omega/omega/v52/frames/host=*/*_aa8abb7.parquet",
  "test_years": [
    "2025",
    "2026"
  ],
  "test_ym": [
    "2025",
    "202601"
  ],
  "split_guard": {
    "enforced": true,
    "test_years": [
      "2025",
      "2026"
    ],
    "test_ym": [
      "2025",
      "202601"
    ]
  },
  "overrides": {
    "peace_threshold": 0.5253567667772991,
    "srl_resid_sigma_mult": 1.9773888188507172,
    "topo_energy_sigma_mult": 5.427559578121958
  },
  "worker_plan": {
    "requested": 1,
    "min_workers": 1,
    "max_workers": 80,
    "start_workers": 80,
    "adaptive": false,
    "cpu_total": 80,
    "mem_total_gb": 629.87,
    "architecture": "global_causal_materialization",
    "reuse_precomputed_physics": true
  },
  "summary": {
    "Topo_SNR": 10.885431366882955,
    "Orthogonality": -0.0448054206835012,
    "Phys_Alignment": 0.5011822897884255,
    "Model_Alignment": 0.49742754220434177,
    "Vector_Alignment": 0.49742754220434177
  },
  "per_file_count": 1,
  "per_file": [
    {
      "source_uri": "global_continuum_manifold",
      "raw_rows": -1,
      "proc_rows": 8907595,
      "Topo_SNR": 10.885431366882955,
      "Orthogonality": -0.0448054206835012,
      "Phys_Alignment": 0.5011822897884255,
      "Model_Alignment": 0.49742754220434177,
      "Vector_Alignment": 0.49742754220434177
    }
  ]
}