{
  "status": "completed",
  "base_matrix_uri": "gs://omega_v52_central/omega/staging/base_matrix/v60/resume_aa8abb7/base_matrix.parquet",
  "base_rows": 5780139,
  "mask_rows": 2188,
  "total_training_rows": 2067,
  "seconds": 1.04,
  "job_id": "6022297228557680640",
  "model_uri": "gs://omega_v52_central/omega/staging/models/v6/20260219-125410_78e36d9/omega_v6_xgb_final.pkl",
  "overrides": {
    "peace_threshold": 0.5253567667772991,
    "srl_resid_sigma_mult": 1.9773888188507172,
    "topo_energy_sigma_mult": 5.427559578121958,
    "xgb_max_depth": 5,
    "xgb_learning_rate": 0.006525909043483982,
    "xgb_subsample": 0.9382970275902356,
    "xgb_colsample_bytree": 0.7855991276821759,
    "num_boost_round": 150,
    "seed": 42
  }
}