{
    "AUTO_LEARNED_PARAMS": {
        "TARGET_FRAMES_DAY": null,
        "INITIAL_Y": 0.7499999999999999,
        "PLANCK_SIGMA_GATE": 37.09966489833249,
        "ANCHOR_Y": 0.5116616910309808
    },
    "METRICS": {
        "Topo_SNR": 43.70446496543325,
        "Orthogonality": -0.007777088107274854,
        "FINAL_Y": 0.7499999999999999,
        "PLANCK_SIGMA_GATE": 37.09966489833249,
        "ANCHOR_Y": 0.5116616910309808
    },
    "NOTE": "OMEGA v5.0 Auditor (Holographic Damper)"
}