{
  "params": {
    "y_ema_alpha": 0.06938697944482608,
    "peace_threshold": 0.614236915777124
  },
  "value": 0.7,
  "job_id": "5462053396590624768"
}