{
  "params": {
    "y_ema_alpha": 0.020248136098890077,
    "peace_threshold": 0.3082435862141025
  },
  "value": 0.6507936507936508,
  "job_id": "8740673925316345856"
}