{
  "params": {
    "y_ema_alpha": 0.08059526670314683,
    "peace_threshold": 0.32652579817342725
  },
  "value": 0.7321428571428571,
  "job_id": "5308931009260027904"
}