{
  "params": {
    "y_ema_alpha": 0.12611849679876683,
    "peace_threshold": 0.6789917938136294
  },
  "value": 0.6792452830188679,
  "job_id": "3156210387376930816"
}