{
  "params": {
    "y_ema_alpha": 0.07602103949808518,
    "peace_threshold": 0.6092292571412447
  },
  "value": 0.6415094339622641,
  "job_id": "5545369989696978944"
}