{
  "params": {
    "y_ema_alpha": 0.05042693962843131,
    "peace_threshold": 0.40723867836303274
  },
  "value": 0.6333333333333333,
  "job_id": "1870432693762654208"
}