{
  "params": {
    "y_ema_alpha": 0.1610818485294038,
    "peace_threshold": 0.5413866880778809
  },
  "value": 0.7096774193548387,
  "job_id": "4993679035344093184"
}