{
  "params": {
    "y_ema_alpha": 0.08299513692909391,
    "peace_threshold": 0.5011550274184124
  },
  "value": 0.6521739130434783,
  "job_id": "8427673751214096384"
}