{
  "params": {
    "y_ema_alpha": 0.052652278204642244,
    "peace_threshold": 0.7148384515871279
  },
  "value": 0.7014925373134329,
  "job_id": "1037266762699112448"
}