{
  "params": {
    "y_ema_alpha": 0.08198736553621695,
    "peace_threshold": 0.3765127498464793
  },
  "value": 0.6896551724137931,
  "job_id": "3343109771912806400"
}