{
  "params": {
    "y_ema_alpha": 0.0913296894938767,
    "peace_threshold": 0.5767700868104969
  },
  "value": 0.58,
  "job_id": "8531256542643617792"
}