{
  "params": {
    "y_ema_alpha": 0.04474330488150951,
    "peace_threshold": 0.5793275074869159
  },
  "value": 0.6,
  "job_id": "8668616331278417920"
}