{
  "params": {
    "y_ema_alpha": 0.14944071228629752,
    "peace_threshold": 0.8798608313383223
  },
  "value": 0.8596491228070176,
  "job_id": "850367378163236864"
}