{
  "params": {
    "y_ema_alpha": 0.0508202113382003,
    "peace_threshold": 0.49757678559530255
  },
  "value": 0.6071428571428571,
  "job_id": "2687836026130399232"
}