{
  "params": {
    "y_ema_alpha": 0.1630176410533511,
    "peace_threshold": 0.30323340014581995
  },
  "value": 0.7121212121212122,
  "job_id": "5648952781126500352"
}